[
   {
      "id":"1",
      "nombre":"Sandshrew",
      "fortaleza":"Veneno",
      "debilidad":"Agua",
      "tipo":"Tierra",
      "img":"a.png"
   },
   {
      "id":"2",
      "nombre":"Squirtle",
      "fortaleza":"Fuego",
      "debilidad":"Electricidad",
      "tipo":"Agua",      
      "img":"b.png"
   },
   {
      "id":"3",
      "nombre":"Charmander",
      "fortaleza":"Fuego",
      "debilidad":"Agua",
      "tipo":"Fuego",
      "img":"c.png"
   },
   {
      "id":"4",
      "nombre":"Caterpie",
      "fortaleza":"Planta",
      "debilidad":"Fuego",
      "tipo":"Bicho",
      "img":"d.png"
   },
   {
      "id":"5",
      "nombre":"Pikachu",
      "fortaleza":"Electricidad",
      "debilidad":"Tierra",
      "tipo":"Elétrico",
      "img":"e.png"
   },
   {
      "id":"6",
      "nombre":"Lapras",
      "fortaleza":"Agua",
      "debilidad":"Electricidad",
      "tipo":"Agua, Hielo",
      "img":"f.png"
   },
   {
      "id":"7",
      "nombre":"Ivysaur",
      "fortaleza":"Planta",
      "debilidad":"Fuego",
      "tipo":"Planta, Veneno",
      "img":"g.png"
   },
   {
      "id":"8",
      "nombre":"Snorlax",
      "fortaleza":"Fantasma",
      "debilidad":"Lucha",
      "tipo":"Normal",
      "img":"h.png"
   },
   {
      "id":"9",
      "nombre":"Articuno",
      "fortaleza":"Hielo",
      "debilidad":"Electricidad",
      "tipo":"Hielo, Volador",
      "img":"i.png"
   }
] 